City_ID,City,Country,Lat,Lng,Max Temp,Humidity,Cloudiness,Wind Speed,Weather Description
0,La Ronge,CA,55.1001,-105.2842,41.0,60,100,6.91,overcast clouds
1,Albany,US,42.6001,-73.9662,53.01,87,100,7.0,moderate rain
2,Rikitea,PF,-23.1203,-134.9692,79.2,73,3,15.55,clear sky
3,Castro,BR,-24.7911,-50.0119,65.52,89,100,4.36,overcast clouds
4,Mar Del Plata,AR,-38.0023,-57.5575,66.2,82,20,10.36,few clouds
5,Esperance,AU,-33.8667,121.9,66.2,72,0,12.66,clear sky
6,Namatanai,PG,-3.6667,152.4333,83.71,69,83,8.01,broken clouds
7,Dikson,RU,73.5069,80.5464,-26.64,100,96,7.4,overcast clouds
8,Sept-Iles,CA,50.2001,-66.3821,28.99,93,90,18.41,snow
9,Ribeira Grande,PT,38.5167,-28.7,60.8,82,40,13.8,scattered clouds
10,Panormos,GR,35.4182,24.6909,51.01,81,0,4.65,clear sky
11,Glyadyanskoye,RU,54.9075,65.0883,25.92,92,74,11.65,broken clouds
12,Cape Town,ZA,-33.9258,18.4232,66.99,72,0,4.61,clear sky
13,Verkhnyaya Inta,RU,65.9811,60.3094,-1.08,99,65,4.34,broken clouds
14,General Jose Eduvigis Diaz,PY,-27.1667,-58.4167,69.8,73,0,2.3,clear sky
15,Wynyard,AU,-41.0,145.7167,55.22,58,73,10.31,broken clouds
16,Mataura,NZ,-46.1927,168.8643,59.0,98,37,8.99,scattered clouds
17,Whitianga,NZ,-36.8333,175.7,66.69,88,100,9.57,overcast clouds
18,Sakakah,SA,29.9697,40.2064,53.6,22,0,6.91,clear sky
19,Bengkulu,ID,-3.8004,102.2655,76.42,89,99,0.87,overcast clouds
20,Biak,ID,-0.9131,122.8766,76.64,87,100,5.86,overcast clouds
21,Torbay,CA,47.6666,-52.7314,24.8,74,75,4.61,broken clouds
22,Saidpur,BD,25.7777,88.8917,73.0,18,0,4.38,clear sky
23,Norman Wells,CA,65.282,-126.8329,-0.4,55,75,16.11,broken clouds
24,Korla,CN,41.7597,86.1469,55.65,41,100,7.25,overcast clouds
25,Isangel,VU,-19.55,169.2667,80.6,78,40,3.44,scattered clouds
26,Busselton,AU,-33.65,115.3333,61.66,71,11,6.38,few clouds
27,Punta Arenas,CL,-53.15,-70.9167,51.8,46,0,6.91,clear sky
28,Djambala,CG,-2.5447,14.7533,70.79,86,100,3.96,light rain
29,Cabo San Lucas,MX,22.8909,-109.9124,75.99,27,40,11.5,scattered clouds
30,Puerto Ayora,EC,-0.7393,-90.3518,82.4,78,20,11.5,few clouds
31,Pitimbu,BR,-7.4706,-34.8086,78.8,94,0,5.75,clear sky
32,Nhulunbuy,AU,-12.2333,136.7667,80.6,89,100,8.05,overcast clouds
33,Soderhamn,SE,61.3037,17.0592,41.0,90,94,3.0,overcast clouds
34,Hobart,AU,-42.8794,147.3294,57.2,38,75,13.8,broken clouds
35,Kahului,US,20.8947,-156.47,78.8,57,40,21.85,scattered clouds
36,Magdalena,PH,14.1999,121.429,82.99,77,81,8.99,broken clouds
37,Nome,US,64.5011,-165.4064,18.0,86,90,33.38,heavy snow
38,Thompson,CA,55.7435,-97.8558,28.4,46,90,4.61,snow
39,Sobolevo,RU,54.4299,31.8996,34.86,94,99,5.84,light snow
40,Cabedelo,BR,-6.9811,-34.8339,78.8,94,0,5.75,clear sky
41,Tasiilaq,GL,65.6145,-37.6368,19.4,49,48,12.66,scattered clouds
42,Karratha,AU,-20.7377,116.8463,86.5,47,84,8.32,broken clouds
43,Cherskiy,RU,68.75,161.3,-1.98,85,99,3.2,overcast clouds
44,Ishinomaki,JP,38.4167,141.3,57.2,94,75,5.75,broken clouds
45,Bluff,NZ,-46.6,168.3333,59.0,98,85,8.99,overcast clouds
46,Lorengau,PG,-2.0226,147.2712,83.14,78,100,9.78,overcast clouds
47,Linxi,CN,39.7,118.4333,49.62,14,100,9.64,overcast clouds
48,Yellowknife,CA,62.456,-114.3525,26.6,43,75,17.27,broken clouds
49,Hargeysa,SO,9.56,44.065,65.91,45,73,6.53,broken clouds
50,Airai,TL,-8.9266,125.4092,60.82,97,100,2.93,heavy intensity rain
51,Hithadhoo,MV,-0.6,73.0833,78.66,87,100,33.6,moderate rain
52,Baykit,RU,61.67,96.37,20.32,97,100,1.07,light snow
53,Jamestown,US,42.097,-79.2353,42.01,75,90,22.82,overcast clouds
54,Hambantota,LK,6.1241,81.1185,73.4,100,90,3.44,overcast clouds
55,East London,ZA,-33.0153,27.9116,65.39,77,100,13.31,overcast clouds
56,Atuona,PF,-9.8,-139.0333,80.91,74,98,17.13,overcast clouds
57,Bojnurd,IR,37.4747,57.329,33.8,93,75,0.83,broken clouds
58,Saint-Pierre,RE,-21.3393,55.4781,77.0,78,0,6.91,clear sky
59,Deputatskiy,RU,69.3,139.9,6.31,91,100,3.06,overcast clouds
60,Klaksvik,FO,62.2266,-6.589,41.0,93,40,13.8,scattered clouds
61,Ushuaia,AR,-54.8,-68.3,46.4,61,75,14.97,broken clouds
62,Ano Mera,GR,37.45,25.4,55.0,71,8,5.75,clear sky
63,Kapaa,US,22.0752,-159.319,77.0,65,90,18.41,light rain
64,Mahebourg,MU,-20.4081,57.7,75.2,88,20,6.91,few clouds
65,Midland,US,31.9974,-102.0779,73.0,16,1,5.75,clear sky
66,Hermanus,ZA,-34.4187,19.2345,66.0,76,100,8.99,overcast clouds
67,Pevek,RU,69.7008,170.3133,-13.18,96,70,3.22,broken clouds
68,Kabo,CF,7.6994,18.629,81.07,21,6,3.42,clear sky
69,Henties Bay,NA,-22.116,14.2845,61.0,91,0,1.99,clear sky
70,Pangkalanbuun,ID,-2.6833,111.6167,74.28,97,95,0.47,light rain
71,Rocha,UY,-34.4833,-54.3333,62.22,95,74,5.28,broken clouds
72,Lomovka,RU,53.9194,58.3672,17.6,67,13,4.47,few clouds
73,Martapura,ID,-3.4167,114.85,77.0,94,98,2.3,mist
74,Hilo,US,19.7297,-155.09,71.6,78,90,4.61,moderate rain
75,New Norfolk,AU,-42.7826,147.0587,55.99,59,68,1.01,broken clouds
76,Faro,PT,37.0194,-7.9322,62.6,82,0,10.36,clear sky
77,Port Hardy,CA,50.6996,-127.4199,41.0,81,75,16.11,light rain
78,Victoria,HK,22.2855,114.1577,75.99,87,23,6.98,few clouds
79,Dudinka,RU,69.4058,86.1778,-11.43,98,72,10.42,broken clouds
80,Porto Novo,BJ,6.4965,2.6036,82.4,83,20,9.22,few clouds
81,Saldanha,ZA,-33.0117,17.9442,68.0,52,100,3.44,overcast clouds
82,Kaseda,JP,31.4167,130.3167,50.0,100,75,5.75,fog
83,Kharan,PK,28.5833,65.4167,77.11,13,82,8.01,broken clouds
84,Carnarvon,AU,-24.8667,113.6333,71.6,94,40,5.75,scattered clouds
85,Upernavik,GL,72.7868,-56.1549,-23.87,79,23,4.5,few clouds
86,Malakal,SS,9.5334,31.6605,83.64,16,0,11.12,clear sky
87,Umm Lajj,SA,25.0213,37.2685,71.49,53,9,14.63,clear sky
88,Katsuura,JP,35.1333,140.3,62.01,88,75,3.44,broken clouds
89,Guerrero Negro,MX,27.9769,-114.0611,80.2,24,16,13.24,few clouds
90,Xai-Xai,MZ,-25.0519,33.6442,71.28,78,25,11.97,light rain
91,Avarua,CK,-21.2078,-159.775,82.4,78,75,20.71,broken clouds
92,Qui Nhon,VN,13.7667,109.2333,73.81,88,99,4.61,overcast clouds
93,Bethel,US,41.3712,-73.414,57.0,97,100,1.01,overcast clouds
94,Pisco,PE,-13.7,-76.2167,73.4,68,0,21.85,clear sky
95,Clyde River,CA,70.4692,-68.5914,-4.0,77,90,10.36,overcast clouds
96,Okhotsk,RU,59.3833,143.3,9.21,83,65,8.68,broken clouds
97,Butaritari,KI,3.0707,172.7902,81.5,76,84,14.16,light rain
98,Mbanza-Ngungu,CD,-5.25,14.8667,68.52,95,99,2.93,overcast clouds
99,Tufanganj,IN,26.3167,89.6667,70.27,19,0,5.23,clear sky
100,Mitsamiouli,KM,-11.3847,43.2844,82.63,70,58,5.64,broken clouds
101,Bredasdorp,ZA,-34.5322,20.0403,60.8,88,100,11.5,overcast clouds
102,Barrow,US,71.2906,-156.7887,-16.6,69,20,12.66,haze
103,Port Hedland,AU,-20.3167,118.5667,78.8,69,24,9.01,few clouds
104,Rio Grande,BR,-32.035,-52.0986,68.0,93,44,10.83,light rain
105,Souillac,MU,-20.5167,57.5167,75.2,88,20,6.91,few clouds
106,Santa Maria,BR,-29.6842,-53.8069,73.4,73,75,9.22,broken clouds
107,Cherdyn,RU,60.403,56.4787,31.57,84,100,7.65,overcast clouds
108,Tuktoyaktuk,CA,69.4541,-133.0374,-13.0,77,90,13.8,snow
109,Labuhan,ID,-6.8844,112.2051,77.2,87,88,5.46,overcast clouds
110,Ponta Delgada,PT,37.7333,-25.6667,59.0,77,75,9.22,broken clouds
111,Lebu,CL,-37.6167,-73.65,56.91,91,0,11.65,clear sky
112,Itoman,JP,26.1247,127.6694,71.6,94,75,1.14,broken clouds
113,Coahuayana,MX,18.7333,-103.6833,82.4,47,75,13.8,broken clouds
114,Birin,NP,26.8865,88.0718,56.75,19,1,6.69,clear sky
115,Barra Do Garcas,BR,-15.89,-52.2567,75.78,65,3,0.87,clear sky
116,Ambilobe,MG,-13.2,49.05,74.59,95,83,1.61,light rain
117,Petropavlovsk-Kamchatskiy,RU,53.0452,158.6483,26.6,39,79,6.71,broken clouds
118,Kaitangata,NZ,-46.2817,169.8464,64.96,64,49,4.54,scattered clouds
119,Chokurdakh,RU,70.6333,147.9167,-6.99,99,98,5.21,overcast clouds
120,Dehra Dun,IN,30.3167,78.0333,71.24,26,75,6.22,broken clouds
121,Tukums,LV,56.9669,23.1553,35.6,80,40,8.05,scattered clouds
122,Arraial Do Cabo,BR,-22.9661,-42.0278,80.6,83,0,8.05,clear sky
123,Wiang Sa,TH,8.6359,99.3666,80.01,94,40,2.3,scattered clouds
124,Cockburn Town,TC,21.4612,-71.1419,78.8,73,40,19.57,scattered clouds
125,Ariogala,LT,55.2667,23.4667,33.8,93,19,1.14,mist
126,Kavieng,PG,-2.5744,150.7967,84.67,70,92,13.96,light rain
127,Troitsko-Pechorsk,RU,62.7084,56.1964,29.41,96,100,6.06,light snow
128,Asau,RO,46.4333,26.4,37.0,50,96,4.36,overcast clouds
129,Mount Gambier,AU,-37.8333,140.7667,59.0,94,90,2.8,overcast clouds
130,Trujillo,PE,-8.116,-79.03,71.6,83,20,10.36,fog
131,Bathsheba,BB,13.2167,-59.5167,77.0,69,40,20.71,scattered clouds
132,Honiara,SB,-9.4333,159.95,86.32,62,29,6.44,scattered clouds
133,Cotonou,BJ,6.3654,2.4183,82.4,83,20,9.22,few clouds
134,Angoche,MZ,-16.2325,39.9086,76.87,86,100,7.56,moderate rain
135,Port Moresby,PG,-9.4431,147.1797,84.2,74,20,5.75,few clouds
136,Narsaq,GL,60.9167,-46.05,21.2,63,0,5.75,clear sky
137,Sao Filipe,CV,14.8961,-24.4956,69.96,73,58,16.82,broken clouds
138,Hutchinson,US,38.0608,-97.9298,69.8,23,1,13.8,clear sky
139,Lavrentiya,RU,65.5833,-171.0,11.37,93,100,19.64,light snow
140,Ponta Do Sol,PT,32.6667,-17.1,62.6,77,20,11.5,few clouds
141,Ha Tinh,VN,18.3333,105.9,73.62,96,76,2.26,broken clouds
142,Georgetown,MY,5.4112,100.3354,80.01,94,20,1.14,few clouds
143,Saskylakh,RU,71.9167,114.0833,-4.13,99,98,2.91,overcast clouds
144,Beyneu,KZ,45.3167,55.2,39.85,81,99,7.76,overcast clouds
145,Coihaique,CL,-45.5752,-72.0662,60.8,67,40,3.44,scattered clouds
146,Zhicheng,CN,30.2956,111.5047,62.01,91,0,3.4,light rain
147,Half Moon Bay,US,37.4636,-122.4286,73.99,82,1,13.8,mist
148,Haines Junction,CA,60.7522,-137.5108,24.8,24,10,6.91,clear sky
149,Oyama,JP,36.3,139.8,62.01,94,75,4.61,broken clouds
150,Prince Rupert,CA,54.3161,-130.3201,42.8,56,75,14.97,broken clouds
151,Esna,EG,25.2934,32.554,64.4,36,0,2.3,clear sky
152,Sattahip,TH,12.6664,100.9007,87.01,83,20,6.91,few clouds
153,Srednekolymsk,RU,67.45,153.6833,-0.47,93,100,4.88,overcast clouds
154,Nikolskoye,RU,59.7035,30.7861,39.99,87,0,2.24,light rain
155,Lufilufi,WS,-13.8745,-171.5986,87.8,74,40,16.11,light rain
156,Werda,BW,-25.2667,23.2833,72.95,30,38,5.95,scattered clouds
157,Luderitz,NA,-26.6481,15.1594,61.84,83,0,3.67,clear sky
158,Aksu,CN,41.1231,80.2644,54.14,44,100,1.74,overcast clouds
159,Ushtobe,KZ,45.2514,77.9838,45.54,70,100,1.23,overcast clouds
160,Alihe,CN,50.5667,123.7167,34.54,98,100,5.08,light snow
161,Cordoba,AR,-31.4135,-64.1811,66.99,63,0,5.75,clear sky
162,Zhangjiakou,CN,40.81,114.8794,37.13,25,93,4.41,overcast clouds
163,Chapais,CA,49.7834,-74.8492,30.2,93,90,8.05,snow
164,Herouville-Saint-Clair,FR,49.2109,-0.3065,50.0,71,0,6.91,clear sky
165,Mackay,AU,-21.15,149.2,81.0,78,75,5.75,broken clouds
166,Sheltozero,RU,61.3667,35.3667,35.01,95,95,9.6,overcast clouds
167,Oktyabrskoye,RU,43.0645,44.7417,39.2,93,100,8.95,overcast clouds
168,Jega,NG,12.2175,4.3792,78.84,14,0,10.83,clear sky
169,Hofn,IS,64.2539,-15.2082,28.2,61,33,8.68,scattered clouds
170,Chimbote,PE,-9.0853,-78.5783,71.78,79,100,8.28,overcast clouds
171,Pacific Grove,US,36.6177,-121.9166,69.01,55,1,6.91,clear sky
172,Abancay,PE,-13.6339,-72.8814,60.82,88,87,5.19,overcast clouds
173,Mansa,IN,29.9833,75.3833,74.93,23,76,8.68,broken clouds
174,Bintulu,MY,3.1667,113.0333,77.0,100,40,3.18,scattered clouds
175,Lompoc,US,34.6391,-120.4579,70.0,67,1,16.11,clear sky
176,San Cristobal,VE,7.7669,-72.225,78.8,73,40,9.22,scattered clouds
177,Bara,NG,10.3744,10.7288,79.61,17,0,14.18,clear sky
178,Guiratinga,BR,-16.3494,-53.7583,73.67,60,0,4.47,clear sky
179,Sampit,ID,-2.5333,112.95,74.1,97,100,0.72,moderate rain
180,Khatanga,RU,71.9667,102.5,-3.96,98,100,6.87,overcast clouds
181,Ballina,AU,-28.8667,153.5667,71.6,78,3,9.22,clear sky
182,Catamarca,AR,-28.4696,-65.7852,62.01,74,8,2.98,clear sky
183,College,US,64.8569,-147.8028,18.0,57,75,4.61,broken clouds
184,Helena,US,46.5927,-112.0361,69.8,12,1,24.16,clear sky
185,Salinopolis,BR,-0.6136,-47.3561,77.81,87,55,9.6,broken clouds
186,Levelland,US,33.5873,-102.378,71.01,19,1,6.91,clear sky
187,Kidal,ML,18.4411,1.4078,73.53,10,0,11.59,clear sky
188,Harper,LR,4.375,-7.7169,78.78,87,70,4.65,broken clouds
189,Homer,US,59.6425,-151.5483,35.6,51,75,2.95,broken clouds
190,Chuy,UY,-33.6971,-53.4616,64.31,91,54,5.19,broken clouds
191,Yeppoon,AU,-23.1333,150.7333,78.8,69,43,8.05,scattered clouds
192,Te Anau,NZ,-45.4167,167.7167,59.9,83,91,4.38,overcast clouds
193,Pietarsaari,FI,63.65,22.6833,37.4,75,40,11.5,scattered clouds
194,Kralendijk,BQ,12.15,-68.2667,80.6,74,75,18.41,broken clouds
195,Hongjiang,CN,27.11,109.9956,68.58,90,99,2.59,overcast clouds
196,Praia Da Vitoria,PT,38.7333,-27.0667,60.8,77,40,17.96,scattered clouds
197,Tingi,TZ,-11.3,35.0333,62.53,91,100,0.4,overcast clouds
198,Looc,PH,12.2605,121.9926,79.97,80,100,3.38,overcast clouds
199,Qaanaaq,GL,77.484,-69.3632,-20.13,77,66,6.02,broken clouds
200,Tyup,KG,42.7276,78.3648,37.62,74,100,4.47,overcast clouds
201,Boca Do Acre,BR,-8.7522,-67.3978,73.27,98,100,0.6,overcast clouds
202,Obuasi,GH,6.206,-1.6619,74.66,87,28,2.48,scattered clouds
203,Acarau,BR,-2.8856,-40.12,77.63,82,10,5.95,clear sky
204,Tiksi,RU,71.6872,128.8694,3.67,95,100,1.74,overcast clouds
205,Tuatapere,NZ,-46.1333,167.6833,59.0,98,78,8.99,broken clouds
206,Faanui,PF,-16.4833,-151.75,82.4,73,50,20.83,light rain
207,Balabac,PH,7.9868,117.0645,80.65,79,41,1.99,scattered clouds
208,Port Alfred,ZA,-33.5906,26.891,65.37,78,100,19.57,overcast clouds
209,Njombe,TZ,-9.3333,34.7667,53.53,92,79,3.56,broken clouds
210,Felnac,RO,46.1167,21.15,37.4,60,0,3.44,clear sky
211,Heilbron,ZA,-27.2812,27.9709,54.55,75,76,15.99,broken clouds
212,Ahuimanu,US,21.4447,-157.8378,80.6,47,75,17.27,broken clouds
213,Kovdor,RU,67.5662,30.4758,35.26,96,100,8.12,overcast clouds
214,Kachug,RU,53.9606,105.8817,12.7,97,95,0.89,overcast clouds
215,Vila Velha,BR,-20.3297,-40.2925,77.0,83,0,3.44,clear sky
216,Acajutla,SV,13.5928,-89.8275,82.99,64,8,1.99,clear sky
217,Bartica,GY,6.4,-58.6167,75.2,94,90,13.8,overcast clouds
218,Ixtapa,MX,20.7,-105.2,77.0,65,40,13.8,scattered clouds
219,Hamilton,US,39.1834,-84.5333,46.4,49,90,14.97,overcast clouds
220,Samarai,PG,-10.6167,150.6667,83.41,77,91,11.48,overcast clouds
221,Aswan,EG,24.0934,32.907,63.57,25,0,16.22,clear sky
222,Komsomolskiy,UZ,40.4272,71.7189,50.0,71,75,23.02,heavy intensity rain
223,Batagay,RU,67.6333,134.6333,3.58,96,100,2.19,overcast clouds
224,Port Elizabeth,ZA,-33.918,25.5701,62.6,82,40,10.36,scattered clouds
225,Tautira,PF,-17.7333,-149.15,89.6,55,40,8.05,light rain
226,Kelvington,CA,52.1667,-103.5343,59.0,33,56,11.5,broken clouds
227,Port-Cartier,CA,50.0334,-66.8654,28.99,93,90,18.41,snow
228,Gat,IL,31.61,34.7642,54.0,66,1,4.68,clear sky
229,Vila Franca Do Campo,PT,37.7167,-25.4333,59.0,77,75,9.22,broken clouds
230,Praia Grande,BR,-24.0058,-46.4028,84.0,26,52,1.72,broken clouds
231,Cidreira,BR,-30.1811,-50.2056,73.58,82,36,6.17,scattered clouds
232,Constantine,DZ,36.365,6.6147,53.6,76,0,4.61,clear sky
233,Vilhena,BR,-12.7406,-60.1458,80.6,69,40,4.61,scattered clouds
234,Aripuana,BR,-9.1667,-60.6333,74.03,96,76,1.1,broken clouds
235,Leh,IN,34.1667,77.5833,35.53,81,100,8.57,overcast clouds
236,Grand-Santi,GF,4.25,-54.3833,73.02,98,96,3.06,heavy intensity rain
237,Provideniya,RU,64.3833,-173.3,15.12,88,100,21.7,light snow
238,Jinxiang,CN,27.4327,120.6062,59.45,87,7,1.1,clear sky
239,Gamba,GA,-2.65,10.0,76.51,91,100,6.11,light rain
240,Touros,BR,-5.1989,-35.4608,80.6,83,20,5.75,few clouds
241,Lebork,PL,54.5392,17.7501,45.0,75,75,11.5,light rain
242,Saint-Ambroise,CA,48.5501,-71.3324,35.01,93,90,13.8,snow
243,Searcy,US,35.2506,-91.7363,64.0,45,1,6.91,clear sky
244,Kavaratti,IN,10.5669,72.642,83.08,71,100,2.68,overcast clouds
245,Grand Gaube,MU,-20.0064,57.6608,77.0,81,3,3.0,clear sky
246,Avera,US,33.194,-82.5271,64.4,85,90,8.05,overcast clouds
247,Bubaque,GW,11.2833,-15.8333,75.67,73,0,17.6,clear sky
248,Marienburg,PL,54.0359,19.0266,45.0,62,93,11.36,light rain
249,Roros,NO,62.5747,11.3842,26.6,86,75,2.3,broken clouds
250,Ancud,CL,-41.8697,-73.8203,68.0,60,0,14.97,clear sky
251,Evensk,RU,61.95,159.2333,-0.69,91,93,1.92,overcast clouds
252,Yagodnoye,RU,62.55,149.6667,5.5,81,100,2.42,overcast clouds
253,Bruck An Der Leitha,AT,48.0167,16.7667,42.01,81,0,4.61,clear sky
254,Longyearbyen,SJ,78.2186,15.6401,28.4,80,20,11.5,few clouds
255,Ondjiva,AO,-17.0667,15.7333,70.27,62,92,7.29,overcast clouds
256,Pahrump,US,36.2083,-115.9839,79.0,9,0,1.99,clear sky
257,Bandarbeyla,SO,9.4942,50.8122,76.64,73,26,4.36,scattered clouds
258,Bambous Virieux,MU,-20.3428,57.7575,77.0,88,20,6.91,few clouds
259,Wundanyi,KE,-3.4019,38.364,62.2,79,100,2.53,light rain
260,Lasa,IT,46.6166,10.7002,46.99,64,0,5.75,clear sky
261,Nouadhibou,MR,20.931,-17.0347,64.4,88,0,16.11,clear sky
262,Thaton,MM,16.9206,97.3714,77.38,72,28,3.04,scattered clouds
263,Bilma,NE,18.6853,12.9164,70.23,15,0,5.46,clear sky
264,Sovetskiy,RU,61.3614,63.5842,15.17,96,67,6.26,broken clouds
265,Yulara,AU,-25.2406,130.9889,71.6,56,0,8.05,clear sky
266,Marzuq,YE,14.4,46.4667,64.26,30,1,5.3,clear sky
267,Abalak,RU,58.1286,68.5944,18.28,96,97,2.93,light snow
268,Adrar,MR,20.5022,-10.0711,80.51,8,82,9.37,broken clouds
269,Gladstone,AU,-23.85,151.25,80.6,57,10,8.05,clear sky
270,Placetas,CU,22.3119,-79.6533,84.2,58,20,17.27,heavy intensity rain
271,Fort Nelson,CA,58.8053,-122.7002,12.2,85,90,16.11,snow
272,Shancheng,CN,34.7953,116.0817,52.68,46,39,10.98,scattered clouds
273,Mahanoro,MG,-19.9,48.8,74.28,91,65,4.09,broken clouds
274,Hope,US,33.6671,-93.5916,68.0,16,0,1.99,clear sky
275,Myskhako,RU,44.6714,37.7433,39.2,87,11,8.95,few clouds
276,Huarmey,PE,-10.0681,-78.1522,72.21,80,100,9.35,overcast clouds
277,Shakawe,BW,-18.3667,21.85,66.24,79,11,1.72,few clouds
278,Caravelas,BR,-17.7125,-39.2481,78.04,75,0,7.4,clear sky
279,Bay Roberts,CA,47.5999,-53.2648,28.0,74,75,4.61,broken clouds
280,Khorixas,NA,-20.3667,14.9667,72.97,42,85,4.72,overcast clouds
281,Parabel,RU,58.6978,81.4825,20.16,94,100,8.5,overcast clouds
282,Kokkola,FI,63.8385,23.1307,37.4,75,40,11.5,scattered clouds
283,Krasnaya Gora,RU,52.9995,31.6023,42.8,93,90,8.95,light rain
284,Fare,PF,-16.7,-151.0167,82.33,73,19,21.36,few clouds
285,Pottstown,US,40.2454,-75.6496,57.99,94,90,13.8,heavy intensity rain
286,Cap Malheureux,MU,-19.9842,57.6142,77.0,80,3,1.01,clear sky
287,Khatassy,RU,61.9036,129.6383,-2.2,78,40,2.24,scattered clouds
288,Olafsvik,IS,64.8945,-23.7142,28.6,65,100,13.58,overcast clouds
289,Kutum,SD,14.2,24.6667,63.41,13,2,13.89,clear sky
290,Lata,PT,40.1629,-8.3327,57.2,62,0,3.67,clear sky
291,Luoyang,CN,34.6836,112.4536,61.0,99,93,14.07,light rain
292,Marawi,PH,7.9986,124.2928,75.99,91,97,5.01,overcast clouds
293,Dubti,ET,11.7361,41.0853,80.8,30,12,5.53,few clouds
294,Kruisfontein,ZA,-34.0033,24.7314,63.0,75,92,4.0,overcast clouds
295,Anadyr,RU,64.75,177.4833,12.2,79,40,29.08,snow
296,Havelock,US,34.8791,-76.9013,71.01,78,100,8.01,overcast clouds
297,Fukue,JP,32.6881,128.8419,61.11,76,0,9.89,clear sky
298,Poum,NC,-20.2333,164.0167,80.69,74,13,6.49,few clouds
299,Kannangad,IN,12.3081,75.1063,79.92,86,97,0.63,heavy intensity rain
300,Constitucion,CL,-35.3333,-72.4167,58.12,67,0,0.85,clear sky
301,Bentiu,SS,9.2333,29.8333,82.04,16,0,7.87,clear sky
302,At-Bashi,KG,41.1702,75.8106,36.19,93,100,1.36,overcast clouds
303,Uniao,BR,-4.5858,-42.8642,82.4,78,40,3.36,scattered clouds
304,Bend,US,44.0582,-121.3153,64.4,20,1,23.02,clear sky
305,Peto,MX,20.1333,-88.9167,92.97,35,0,8.57,clear sky
306,Bonthe,SL,7.5264,-12.505,78.93,87,55,4.94,broken clouds
307,Lagos,NG,6.5833,3.75,82.4,83,0,2.3,clear sky
308,Yar-Sale,RU,66.8333,70.8333,-16.67,99,13,7.85,few clouds
309,Richards Bay,ZA,-28.783,32.0377,66.99,78,81,3.74,broken clouds
310,Mwinilunga,ZM,-11.7358,24.4293,60.12,97,94,2.82,overcast clouds
311,Mocuba,MZ,-16.8392,36.9856,69.64,98,91,3.6,light rain
312,Kodiak,US,57.79,-152.4072,42.8,26,1,5.75,clear sky
313,Manzhouli,CN,49.6,117.4333,26.29,63,3,16.73,clear sky
314,Daru,PG,-9.0763,143.2092,80.98,87,100,11.54,overcast clouds
315,Dumka,IN,24.2667,87.25,76.19,21,0,4.09,clear sky
316,Mpulungu,ZM,-8.7623,31.1141,71.44,71,96,4.23,overcast clouds
317,Suntar,RU,62.1444,117.6319,7.99,97,85,3.47,overcast clouds
318,Sitka,US,57.0531,-135.33,39.2,60,20,18.41,few clouds
319,Franklin Park,US,41.9353,-87.8656,46.99,31,40,20.71,scattered clouds
320,Madarounfa,NE,13.3087,7.156,73.69,15,0,10.87,clear sky
321,Little Current,CA,45.9793,-81.9248,33.8,86,100,13.8,light snow
322,Kananga,CD,-5.8958,22.4178,69.87,87,71,0.72,light rain
323,Kismayo,SO,-0.3582,42.5454,79.9,78,100,12.19,overcast clouds
324,Allada,BJ,6.6655,2.1514,82.4,83,20,9.22,few clouds
325,Eureka,US,40.8021,-124.1637,57.99,70,3,5.01,clear sky
326,Praia,CV,14.9215,-23.5087,68.0,77,75,24.16,broken clouds
327,Sarangani,PH,5.4033,125.4636,80.74,76,99,2.26,overcast clouds
328,Andenes,NO,69.3143,16.1194,33.8,75,96,6.91,overcast clouds
329,Sioux Lookout,CA,50.1001,-91.917,33.8,29,75,8.05,broken clouds
330,Ossora,RU,59.2353,163.0719,13.35,69,38,3.98,scattered clouds
331,Perth,AU,-31.9333,115.8333,68.0,59,0,3.44,clear sky
332,Eenhana,NA,-17.4667,16.3333,68.63,64,87,6.71,overcast clouds
333,Dasoguz,TM,41.8363,59.9666,42.8,65,0,6.91,clear sky
334,Merauke,ID,-8.4667,140.3333,77.68,92,100,9.53,light rain
335,Mount Isa,AU,-20.7333,139.5,77.0,29,2,17.27,clear sky
336,Balkanabat,TM,39.5108,54.3671,45.28,61,0,5.3,clear sky
337,Salalah,OM,17.0151,54.0924,77.0,53,0,3.44,clear sky
338,Jumla,NP,29.2747,82.1838,44.58,62,68,3.74,broken clouds
339,Yinchuan,CN,38.4681,106.2731,45.0,15,2,7.27,clear sky
340,Jinchang,CN,38.4953,102.1739,39.42,39,17,1.48,few clouds
341,Sur,OM,22.5667,59.5289,83.07,37,92,6.91,overcast clouds
342,Ayorou,NE,14.7308,0.9174,77.32,10,0,9.69,clear sky
343,Zhuhai,CN,22.2769,113.5678,75.99,100,40,5.75,scattered clouds
344,Benjamin Constant,BR,-4.3831,-70.0311,78.8,89,40,3.44,light rain
345,Valle De Allende,MX,26.9333,-105.4,71.2,19,4,10.56,clear sky
346,Sinnamary,GF,5.3833,-52.95,77.86,83,98,13.89,overcast clouds
347,Saint-Joseph,RE,-21.3667,55.6167,77.0,78,0,6.91,clear sky
348,Hasaki,JP,35.7333,140.8333,61.0,94,75,3.44,broken clouds
349,Atasu,KZ,48.6814,71.6433,23.67,91,97,12.17,overcast clouds
350,Tomatlan,MX,19.9333,-105.25,83.26,39,38,7.45,scattered clouds
351,Gandajika,CD,-6.75,23.95,66.79,93,79,4.25,broken clouds
352,Saint-Philippe,RE,-21.3585,55.7679,77.0,78,0,8.05,clear sky
353,Boa Vista,BR,2.8197,-60.6733,89.6,45,20,5.75,few clouds
354,Port Blair,IN,11.6667,92.75,80.15,76,60,1.74,broken clouds
355,Jibuti,DJ,11.5,42.5,78.8,57,1,8.21,clear sky
356,Aranos,NA,-24.1333,19.1167,72.46,33,3,12.97,clear sky
357,Naze,JP,28.3667,129.4833,66.2,94,75,3.44,broken clouds
358,Severo-Kurilsk,RU,50.6789,156.125,29.64,70,6,7.9,clear sky
359,Ariquemes,BR,-9.9133,-63.0408,74.03,96,90,0.92,overcast clouds
360,Lumphat,KH,13.4878,106.9816,76.69,60,21,0.89,few clouds
361,Sumbe,AO,-11.2061,13.8437,77.0,82,12,4.16,few clouds
362,San Quintin,MX,30.4833,-115.95,69.67,38,0,12.86,clear sky
363,Columbia,US,34.0007,-81.0348,64.99,88,75,19.57,broken clouds
364,Calama,CL,-22.4667,-68.9333,69.8,16,0,21.85,clear sky
365,Geraldton,AU,-28.7667,114.6,66.2,77,14,4.61,few clouds
366,Lahij,YE,13.1667,44.5833,73.63,41,6,1.05,clear sky
367,Mugur-Aksy,RU,50.35,90.5,19.71,85,88,4.7,overcast clouds
368,Buchanan,LR,5.8808,-10.0467,78.8,94,75,2.21,moderate rain
369,Staryy Nadym,RU,65.6118,72.6842,-10.98,98,77,10.02,broken clouds
370,Xining,CN,36.6167,101.7667,38.91,43,88,0.47,overcast clouds
371,Camabatela,AO,-8.1881,15.375,61.9,96,99,2.42,overcast clouds
372,Sorland,NO,67.667,12.6934,38.82,92,100,26.66,overcast clouds
373,Mangit,UZ,40.5971,70.9607,46.4,81,90,23.02,light rain
374,Bonfim,BR,3.0833,-59.95,85.96,51,90,10.38,overcast clouds
375,Dunedin,NZ,-45.8742,170.5036,59.0,94,33,1.01,scattered clouds
376,Vetovo,BG,43.7,26.2667,48.99,59,100,3.31,overcast clouds
377,Bajil,YE,15.0584,43.2851,79.79,54,13,1.34,few clouds
378,Bauchi,NG,10.5,10.0,75.2,19,1,9.19,clear sky
379,Ilulissat,GL,69.2167,-51.1,-9.4,41,0,1.14,clear sky
380,Broome,US,42.2506,-75.833,51.01,87,90,16.11,overcast clouds
381,Kichmengskiy Gorodok,RU,59.9816,45.7854,18.05,97,34,3.96,scattered clouds
382,Beringovskiy,RU,63.05,179.3167,14.72,92,100,17.87,light snow
383,Rubbestadneset,NO,59.8147,5.2681,43.0,85,100,7.0,overcast clouds
384,Tailai,CN,46.3833,123.4,41.4,75,57,16.98,broken clouds
385,Tutoia,BR,-2.7619,-42.2744,76.77,87,37,6.58,scattered clouds
386,Iquitos,PE,-3.7481,-73.2472,77.0,94,75,3.44,broken clouds
387,Mwandiga,TZ,-4.83,29.6581,71.02,81,76,2.64,light rain
388,Alta Floresta,BR,-9.8756,-56.0861,72.82,93,62,2.06,moderate rain
389,Arcangel,PH,11.5395,122.3455,77.7,91,100,3.6,overcast clouds
390,Kapoeta,SS,4.7717,33.5903,80.65,42,58,3.98,broken clouds
391,Sabha,LY,27.0377,14.4283,59.79,25,1,16.08,clear sky
392,Aller,ES,43.1187,-5.5839,52.0,69,0,5.66,clear sky
393,Anyang,CN,36.0994,114.3289,55.81,19,100,9.44,light rain
394,Monrovia,LR,6.3005,-10.7969,78.8,94,75,3.58,moderate rain
395,Gandai,IN,21.6667,81.1,77.23,18,0,3.09,clear sky
396,Beisfjord,NO,68.3751,17.5988,39.2,56,71,2.3,broken clouds
397,Gelibolu,TR,40.4103,26.6708,42.8,87,0,3.44,clear sky
398,Kurchum,KZ,48.5722,83.6542,32.22,99,100,4.65,overcast clouds
399,Boyle,US,37.6334,-84.8666,51.01,46,75,13.8,broken clouds
400,Alofi,NU,-19.0595,-169.9187,84.2,79,5,13.8,light rain
401,Nazca,PE,-14.8333,-74.95,76.28,60,19,7.63,few clouds
402,Asyut,EG,27.181,31.1837,55.4,58,0,12.66,clear sky
403,Dingle,PH,10.9995,122.6711,78.17,85,100,6.38,overcast clouds
404,Dalbandin,PK,28.8947,64.4101,73.62,16,74,6.62,broken clouds
405,Temiscaming,CA,46.7212,-79.0971,35.6,93,100,9.22,moderate rain
406,Kudahuvadhoo,MV,2.6708,72.8944,79.25,82,100,5.84,heavy intensity rain
407,Port-Gentil,GA,-0.7193,8.7815,80.6,89,20,9.22,moderate rain
408,Miri,MY,4.4148,114.0089,77.0,100,40,2.3,scattered clouds
409,Sisimiut,GL,66.9395,-53.6735,0.5,70,28,11.32,scattered clouds
410,Grindavik,IS,63.8424,-22.4338,28.4,100,90,16.11,light snow
411,Ahipara,NZ,-35.1667,173.1667,70.83,83,46,7.54,light rain
412,Sehithwa,BW,-20.4667,22.7167,75.65,35,71,5.57,broken clouds
413,Khabary,RU,53.6259,79.5345,30.18,95,100,10.83,overcast clouds
414,Betioky,MG,-23.7167,44.3833,67.17,95,7,2.64,clear sky
415,Huamachuco,PE,-7.8,-78.0667,55.85,79,100,1.39,light rain
416,Pemberton,CA,50.3164,-122.8027,41.0,100,90,3.44,overcast clouds
417,Burns Lake,CA,54.2331,-125.7533,33.8,44,80,19.57,light snow
418,Leningradskiy,RU,69.3833,178.4167,-5.33,92,100,5.26,overcast clouds
419,Koslan,RU,63.4564,48.8989,28.36,93,100,7.63,overcast clouds
420,Worland,US,44.0169,-107.9554,69.01,14,1,9.22,clear sky
421,Foumbot,CM,5.5079,10.6356,74.28,49,87,1.39,overcast clouds
422,Ostrovnoy,RU,68.0531,39.5131,35.51,97,100,11.41,overcast clouds
423,Cuamba,MZ,-14.8031,36.5372,65.73,96,100,3.69,overcast clouds
424,Kieta,PG,-6.2167,155.6333,82.78,75,82,3.76,light rain
425,Maniitsoq,GL,65.4167,-52.9,1.83,63,23,8.1,few clouds
426,Husavik,IS,66.0449,-17.3389,32.0,64,90,16.11,light snow
427,Mayumba,GA,-3.432,10.6554,77.09,87,100,5.93,moderate rain
428,Tuy Hoa,VN,13.0833,109.3,71.94,91,99,3.76,overcast clouds
429,Ulladulla,AU,-35.35,150.4667,61.0,82,0,9.22,clear sky
430,Peruibe,BR,-24.32,-46.9983,77.14,89,71,3.2,light rain
431,Eldorado,BR,-23.7869,-54.2836,73.36,83,50,7.76,scattered clouds
432,Annau,TM,37.8876,58.516,48.2,66,90,4.61,overcast clouds
433,Jackson,US,42.4165,-122.8345,73.4,17,1,17.27,clear sky
434,Neryungri,RU,56.6709,124.6491,20.7,95,100,4.16,light snow
435,Nishihara,JP,26.1842,127.7558,71.6,100,75,3.0,mist
436,Letterkenny,IE,54.95,-7.7333,54.36,89,100,20.42,overcast clouds
437,Beloha,MG,-25.1667,45.05,69.42,89,8,3.47,light rain
438,San Patricio,US,28.017,-97.5169,62.6,55,90,14.97,overcast clouds
439,Kapit,MY,2.0167,112.9333,73.6,99,100,0.34,overcast clouds
440,Noumea,NC,-22.2763,166.4572,82.99,61,0,6.91,clear sky
441,Houma,US,29.5958,-90.7195,68.0,72,90,13.8,overcast clouds
442,Hay River,CA,60.8156,-115.7999,21.2,68,100,12.66,light snow
443,Springbok,ZA,-29.6643,17.8865,63.63,30,1,3.04,clear sky
444,Asosa,ET,10.0667,34.5333,68.4,46,81,3.47,broken clouds
445,Hami,CN,42.8,93.45,57.87,24,85,8.14,overcast clouds
446,Tura,IN,25.5198,90.2201,71.87,23,0,5.28,clear sky
447,Chumikan,RU,54.7183,135.315,21.58,93,100,11.27,light snow
448,Iskateley,RU,67.6803,53.1512,32.72,95,100,10.42,overcast clouds
449,Nouakchott,MR,18.0858,-15.9785,69.8,78,0,17.27,clear sky
450,Sosnogorsk,RU,63.6023,53.8817,31.73,96,100,7.4,overcast clouds
451,Goundam,ML,16.4145,-3.6708,77.81,8,0,10.33,clear sky
452,Isla Aguada,MX,18.7833,-91.4667,95.0,36,1,11.5,clear sky
453,Ovalle,CL,-30.5983,-71.2003,72.23,52,0,5.19,clear sky
454,Codrington,AU,-38.2667,141.9667,60.66,64,97,7.11,overcast clouds
455,Hervey Bay,AU,-25.2986,152.8535,73.0,80,100,1.01,overcast clouds
456,Anloga,GH,5.7947,0.8973,82.4,74,20,3.44,few clouds
457,Hovd,MN,48.0056,91.6419,34.79,60,100,3.38,overcast clouds
458,Kifri,IQ,34.6959,44.9661,51.31,44,0,9.46,clear sky
459,Paldiski,EE,59.3567,24.0531,39.0,70,40,10.36,scattered clouds
460,Kuching,MY,1.55,110.3333,77.0,94,20,2.3,few clouds
461,Abu Dhabi,AE,24.4667,54.3667,73.4,68,0,10.36,clear sky
462,Port Macquarie,AU,-31.4333,152.9167,72.0,79,14,1.01,few clouds
463,Punta Alta,AR,-38.8759,-62.0736,62.42,69,17,9.35,few clouds
464,Banda Aceh,ID,5.5577,95.3222,79.18,78,90,2.77,overcast clouds
465,Wairoa,NZ,-39.0333,177.3667,66.99,85,100,7.0,moderate rain
466,Margate,GB,51.3813,1.3862,50.0,70,95,5.01,overcast clouds
467,Shimoda,JP,34.6667,138.95,63.0,98,62,1.01,broken clouds
468,Marand,IR,38.4329,45.7749,33.8,64,0,6.91,clear sky
469,Havoysund,NO,70.9963,24.6622,28.4,69,0,4.61,clear sky
470,Thinadhoo,MV,0.5333,72.9333,75.88,96,100,36.08,moderate rain
471,Sainte-Maxime,FR,43.3,6.6333,48.99,87,0,3.2,clear sky
472,Kashi,CN,39.4547,75.9797,53.6,43,40,8.95,scattered clouds
473,Orlik,RU,52.5178,99.825,9.27,86,100,1.19,overcast clouds
474,Virginia Beach,US,36.8529,-75.978,82.4,51,75,23.02,broken clouds
475,Big Rapids,US,43.6981,-85.4837,34.0,80,90,12.66,overcast clouds
476,Cayenne,GF,4.9333,-52.3333,81.0,78,75,8.05,broken clouds
477,Ouallam,NE,14.3188,2.0866,76.98,11,2,10.8,clear sky
478,Yago,MX,21.8333,-105.0667,91.4,27,75,18.41,broken clouds
479,Tanout,NE,14.9709,8.8879,70.0,13,0,14.14,clear sky
480,Yatou,CN,37.15,122.3833,46.38,54,98,6.98,overcast clouds
481,Arlit,NE,18.7369,7.3853,69.58,14,0,8.14,clear sky
482,Aguimes,ES,27.9054,-15.4461,66.2,68,20,2.3,few clouds
483,Buala,SB,-8.145,159.5921,84.27,72,18,8.03,light rain
484,Muzhi,RU,65.3667,64.6667,-11.07,99,78,2.86,broken clouds
485,Mezen,RU,65.8522,44.24,34.93,97,100,9.44,light snow
486,Sola,VU,-13.8833,167.55,84.2,84,75,5.75,broken clouds
487,Finschhafen,PG,-6.6024,147.8681,84.51,68,74,9.06,broken clouds
488,Apatzingan,MX,19.0833,-102.35,80.6,24,1,9.22,clear sky
489,Vostok,RU,46.4856,135.8833,34.99,91,100,4.12,light snow
490,Ca Mau,VN,9.1769,105.15,76.15,92,15,3.53,few clouds
491,Bani,DO,18.2833,-70.3333,79.0,81,19,3.0,few clouds
492,Nuuk,GL,64.1835,-51.7216,8.6,66,20,16.11,few clouds
493,Rio Gallegos,AR,-51.6226,-69.2181,59.0,29,0,3.44,clear sky
494,Kokopo,PG,-4.352,152.2633,81.37,68,99,0.94,overcast clouds
495,Comodoro Rivadavia,AR,-45.8667,-67.5,59.0,72,0,12.66,clear sky
496,Itarema,BR,-2.9248,-39.9167,77.09,83,6,5.35,clear sky
497,Chlorakas,CY,34.8042,32.4083,46.4,71,20,6.91,few clouds
498,Mamallapuram,IN,12.6264,80.1722,80.6,89,40,3.44,mist
499,Nueve De Julio,AR,-35.4444,-60.8831,66.0,95,80,1.99,broken clouds
500,Rafaela,AR,-31.2503,-61.4867,68.0,64,99,1.01,overcast clouds
501,Somerset West,ZA,-34.084,18.8211,64.99,72,0,4.61,clear sky
502,Lieksa,FI,63.3167,30.0167,34.63,90,100,8.75,overcast clouds
503,Puerto Escondido,MX,15.85,-97.0667,87.8,70,1,9.22,clear sky
504,Shache,CN,38.4167,77.2406,54.79,45,100,5.26,overcast clouds
505,Mahibadhoo,MV,3.7833,72.9667,82.24,73,99,8.95,overcast clouds
506,Iqaluit,CA,63.7506,-68.5145,14.0,73,90,12.66,light snow
507,Saint-Augustin,CA,51.226,-58.6502,8.11,81,29,3.98,scattered clouds
508,Borogontsy,RU,62.6683,131.1683,14.18,93,97,2.21,overcast clouds
509,Xuddur,SO,4.1213,43.8894,74.32,77,77,18.37,broken clouds
510,Alizai,PK,33.5383,70.3462,64.51,57,0,4.92,clear sky
511,Qesarya,IL,32.5189,34.9046,54.0,76,0,2.3,clear sky
512,North Branch,US,45.5113,-92.9802,44.01,49,59,5.01,broken clouds
513,Xiaoweizhai,CN,26.1903,107.5125,65.05,93,100,6.44,overcast clouds
514,Nanortalik,GL,60.1432,-45.2371,23.16,69,1,15.52,clear sky
515,Buraydah,SA,26.326,43.975,59.0,31,0,5.75,clear sky
516,Novoagansk,RU,61.9449,76.6625,-0.96,99,77,6.42,broken clouds
517,Ukiah,US,39.1502,-123.2078,78.8,21,1,7.76,clear sky
518,Stornoway,GB,58.2093,-6.3865,48.2,87,75,18.41,light rain
519,Morant Bay,JM,17.8815,-76.4093,82.4,69,20,25.32,few clouds
520,Esperanza,DO,19.5847,-70.9849,81.0,66,7,5.99,clear sky
521,Vila Do Maio,CV,15.1333,-23.2167,68.0,77,75,24.16,broken clouds
522,Broken Hill,AU,-31.95,141.4333,60.8,55,2,11.5,clear sky
523,Amapa,BR,1.0,-52.0,72.18,98,100,2.35,overcast clouds
524,Lucea,JM,18.451,-78.1736,82.4,69,20,26.46,few clouds
525,Hualmay,PE,-11.0964,-77.6139,70.97,81,83,9.4,broken clouds
526,Bougouni,ML,11.417,-7.479,85.87,42,26,2.55,scattered clouds
527,Ust-Nera,RU,64.5667,143.2,5.65,95,99,4.41,overcast clouds
528,Barentu,ER,15.1139,37.5928,74.46,54,99,0.78,overcast clouds
529,Coracao De Jesus,BR,-16.6853,-44.365,80.6,47,0,5.75,clear sky
530,Nabire,ID,-3.3667,135.4833,75.47,94,100,4.14,overcast clouds
531,Russell,US,32.3502,-85.1999,66.2,77,90,11.5,overcast clouds
532,Buri,BR,-23.7975,-48.5928,70.43,83,47,4.16,scattered clouds
533,Krasnoselkup,RU,65.7,82.4667,-7.83,98,11,10.25,few clouds
534,Alappuzha,IN,9.49,76.3264,78.8,82,90,4.68,overcast clouds
535,Vigrestad,NO,58.5667,5.7,42.01,91,100,5.99,overcast clouds
536,Antofagasta,CL,-23.65,-70.4,64.4,72,0,10.36,clear sky
537,Itupiranga,BR,-5.1347,-49.3267,80.6,94,20,3.44,few clouds
538,Hobyo,SO,5.3505,48.5268,79.54,80,54,10.6,broken clouds
539,Tarakan,ID,3.3,117.6333,78.17,84,100,3.65,light rain
540,Businga,CD,3.3333,20.8833,74.97,66,5,1.79,clear sky
541,Kayalpattinam,IN,8.5667,78.1167,81.55,74,25,5.37,scattered clouds
542,Miles City,US,46.4083,-105.8406,64.4,16,1,23.02,clear sky
543,Mandalgovi,MN,45.7625,106.2708,28.67,32,0,7.36,clear sky
544,Havre-Saint-Pierre,CA,50.2334,-63.5986,28.4,69,90,11.5,overcast clouds
545,Skibbereen,IE,51.55,-9.2667,51.8,100,90,28.77,overcast clouds
546,Marsciano,IT,42.9059,12.3359,51.01,74,17,1.01,few clouds
547,Matara,LK,5.9485,80.5353,74.68,85,84,4.97,broken clouds
548,Newport,GB,51.5877,-2.9984,52.0,83,98,1.99,overcast clouds
549,Kuala Terengganu,MY,5.3302,103.1408,77.0,94,20,4.61,few clouds
550,Morondava,MG,-20.2833,44.2833,75.29,84,1,7.38,clear sky
551,Kyren,RU,51.6828,102.1408,26.1,75,98,2.15,overcast clouds
552,Kilindoni,TZ,-7.9139,39.6668,82.71,72,71,5.41,broken clouds
553,Amahai,ID,-3.3333,128.9167,77.95,86,100,3.11,overcast clouds
554,Tumaco,CO,1.7986,-78.8156,78.08,86,96,4.76,light rain
555,Impfondo,CG,1.6381,18.0667,75.52,70,12,1.7,few clouds
556,Saint Anthony,US,45.0205,-93.218,45.0,33,1,13.8,clear sky
557,Vestmannaeyjar,IS,63.4427,-20.2734,35.64,60,69,12.15,broken clouds
558,Kulu,TR,39.0951,33.0799,39.67,58,3,3.91,clear sky
559,Taoudenni,ML,22.6783,-3.9836,80.55,6,100,12.35,overcast clouds
560,Asfi,MA,32.2994,-9.2372,63.0,67,75,17.87,broken clouds
561,Lac Du Bonnet,CA,50.2536,-96.0612,41.0,74,99,8.99,overcast clouds
562,Radha Kund,IN,27.5333,77.4833,75.2,53,1,1.14,smoke
563,Rapar,IN,23.5667,70.6333,76.1,61,40,10.49,scattered clouds
564,Valandovo,MK,41.3169,22.5611,54.0,58,14,7.47,few clouds
565,Kirovskiy,RU,45.0917,133.5136,36.81,98,100,5.44,overcast clouds
566,Wagar,SD,16.1525,36.2032,75.13,61,2,10.09,clear sky
567,Acapulco,MX,16.8634,-99.8901,86.0,62,1,9.22,clear sky
568,San Ignacio,BZ,17.1561,-89.0714,93.2,49,20,6.91,few clouds
569,Mutoko,ZW,-17.397,32.2268,59.23,84,56,3.78,broken clouds
570,Northam,GB,51.0333,-4.2167,50.0,92,63,20.0,broken clouds
571,Farmington,US,36.7281,-108.2187,64.0,16,1,8.05,clear sky
572,Johi,PK,26.6921,67.6133,83.1,37,57,9.62,broken clouds
573,Aitape,PG,-3.1374,142.3475,81.5,74,93,3.53,overcast clouds
574,Dolores,AR,-36.3132,-57.6792,62.6,94,98,9.75,light rain
575,Puerto Carreno,CO,6.189,-67.4859,81.81,68,100,13.2,overcast clouds
576,Casselman,CA,45.3168,-75.0826,51.8,93,100,6.91,overcast clouds
577,Paralimni,CY,35.0375,33.9833,50.0,66,20,6.91,few clouds
578,Champerico,GT,14.3,-91.9167,89.6,62,40,13.8,scattered clouds
579,Port Augusta,AU,-32.5,137.7667,62.6,82,0,4.61,clear sky
580,Meulaboh,ID,4.1363,96.1285,76.3,88,97,3.87,overcast clouds
581,Lagoa,PT,39.05,-27.9833,59.56,81,100,16.31,overcast clouds
582,Nalut,LY,30.3333,10.85,61.3,20,59,11.72,broken clouds
583,Hennef,DE,50.7756,7.2831,51.01,57,0,6.91,clear sky
584,Dongning,CN,44.0622,131.1207,44.92,80,100,8.66,overcast clouds
585,Czersk,PL,53.7959,17.9765,43.0,81,100,1.99,overcast clouds
586,Quelimane,MZ,-17.8786,36.8883,78.8,89,40,2.3,scattered clouds
587,Bontang,ID,0.1333,117.5,77.23,89,99,3.53,overcast clouds
588,Yuanping,CN,38.7153,112.7575,45.18,34,100,4.61,overcast clouds
589,Upata,VE,8.0086,-62.3989,77.0,91,66,1.99,broken clouds
590,Mnogovershinnyy,RU,53.9353,139.9242,23.43,97,94,4.7,overcast clouds
591,Mantua,IT,45.1667,10.7833,52.0,78,55,5.01,broken clouds
592,Sao Joao Da Barra,BR,-21.6403,-41.0511,77.95,88,34,5.61,scattered clouds
593,Punta Gorda,US,26.9298,-82.0454,84.2,58,20,11.5,few clouds
594,Atar,MR,20.5169,-13.0499,77.97,24,84,7.7,broken clouds
595,Aklavik,CA,68.2191,-135.0107,-5.8,59,44,6.91,scattered clouds
596,Norsup,VU,-16.0667,167.3833,84.25,72,8,8.63,clear sky
597,Xalpatlahuac,MX,17.4667,-98.6167,85.33,17,1,5.12,clear sky
598,Kodinsk,RU,58.6881,99.1844,23.85,97,100,3.11,light snow
599,Teguldet,RU,57.3064,88.1667,29.07,98,100,2.3,overcast clouds
600,Deniliquin,AU,-35.5333,144.9667,64.0,67,1,9.75,clear sky
601,Heinola,FI,61.2056,26.0381,32.0,93,0,6.91,clear sky
602,Omboue,GA,-1.5746,9.2618,75.88,90,100,5.73,overcast clouds
603,Kabanjahe,ID,3.1001,98.4908,75.2,100,75,3.44,broken clouds
604,Berezovyy,RU,51.6667,135.7,32.63,94,100,4.65,light snow
605,Nioro,GM,13.35,-15.75,78.6,33,3,7.99,clear sky
606,Kloulklubed,PW,7.0419,134.2556,78.8,89,90,4.61,overcast clouds
607,Chara,RU,56.9064,118.2631,9.93,82,76,1.7,broken clouds
608,Mandera,KE,3.9366,41.867,82.72,58,71,19.95,broken clouds
609,Ketchikan,US,55.3422,-131.6461,42.8,61,90,14.97,overcast clouds
610,Pimentel,PE,-6.8367,-79.9342,77.0,65,0,18.41,clear sky
611,Zhigansk,RU,66.7697,123.3711,3.09,100,100,4.63,overcast clouds
612,Wasilla,US,61.5814,-149.4394,33.01,40,1,6.91,clear sky
613,Dwarka,IN,22.2394,68.9678,77.32,77,19,8.97,few clouds
614,Nicoya,CR,10.1483,-85.452,91.4,38,0,20.71,clear sky
615,Carmelo,UY,-33.9892,-58.2856,71.6,78,20,4.61,few clouds
616,Yarmouth,US,41.7057,-70.2286,55.4,100,90,18.41,fog
617,Springfield,US,37.2153,-93.2982,57.0,35,1,11.5,clear sky
618,Anshun,CN,26.25,105.9333,57.7,97,72,4.45,broken clouds
619,Monterey,US,36.2505,-121.2516,82.99,20,0,4.0,clear sky
620,Sitges,ES,41.2351,1.8119,55.0,68,0,1.99,clear sky
621,Turukhansk,RU,65.8167,87.9833,-9.78,100,100,2.68,overcast clouds
622,Marshall,US,34.3834,-86.3333,60.01,41,1,10.36,clear sky
623,Baruun-Urt,MN,46.6806,113.2792,25.68,51,4,5.88,clear sky
624,Igarka,RU,67.4667,86.5833,-9.09,98,68,10.25,broken clouds
625,Trincomalee,LK,8.5711,81.2335,79.32,79,64,8.86,broken clouds
626,Fortuna,US,40.5982,-124.1573,57.0,87,1,13.8,clear sky
627,Verkhoyansk,RU,67.5447,133.385,1.63,96,100,3.67,overcast clouds
628,Pundaguitan,PH,6.3711,126.1689,81.0,78,100,5.68,overcast clouds
629,Camacha,PT,33.0833,-16.3333,62.6,88,40,9.22,scattered clouds
630,Galle,LK,6.0367,80.217,75.47,84,77,8.14,broken clouds
631,Vysha,RU,53.8477,42.3777,25.25,95,62,4.03,broken clouds
632,Carutapera,BR,-1.195,-46.02,76.1,91,91,5.73,overcast clouds
633,Maputo,MZ,-25.9653,32.5892,70.0,78,75,12.66,broken clouds
634,Rayong,TH,12.8333,101.4333,87.01,86,81,3.8,broken clouds
635,Hoquiam,US,46.9809,-123.8893,46.4,66,90,31.07,moderate rain
636,Basoko,CD,1.2391,23.616,76.35,63,43,1.34,scattered clouds
637,Marquard,ZA,-28.6645,27.4305,55.0,66,89,13.69,overcast clouds
638,Porto Belo,BR,-27.1578,-48.5531,77.0,94,0,3.44,clear sky
639,Canmore,CA,51.0834,-115.3521,41.0,87,97,4.61,overcast clouds
640,Isabela,PH,6.7085,121.9711,77.0,88,75,1.14,heavy intensity rain
641,Vavoua,CI,7.3819,-6.4778,73.8,90,81,4.21,broken clouds
642,Seoul,KR,37.5683,126.9778,48.2,93,75,5.75,mist
643,Mokhsogollokh,RU,61.4681,128.9203,10.42,94,100,0.72,overcast clouds
644,Muros,ES,42.7762,-9.0603,57.0,76,0,7.49,clear sky
645,Cairo,EG,30.0626,31.2497,55.4,62,0,8.05,clear sky
646,Alice Springs,AU,-23.7,133.8833,69.8,52,1,5.75,clear sky
647,Seminole,US,28.7086,-81.2081,86.0,52,80,3.0,broken clouds
648,Puerto Madryn,AR,-42.7692,-65.0385,64.36,59,75,11.79,broken clouds
649,Konin,PL,52.2234,18.2512,43.0,72,96,9.01,overcast clouds
650,Port Hawkesbury,CA,45.6169,-61.3485,32.0,80,90,13.8,overcast clouds
651,Khorramshahr,IR,30.4397,48.1664,60.8,41,20,11.5,few clouds
652,Vao,NC,-22.6667,167.4833,77.63,81,12,14.45,few clouds
653,Bikaner,IN,28.0167,73.3,83.16,18,33,18.88,scattered clouds
654,Bridgetown,BB,13.1,-59.6167,77.0,69,40,20.71,scattered clouds
655,Abha,SA,18.2164,42.5053,62.6,72,0,1.81,clear sky
656,Kysyl-Syr,RU,63.8986,122.7617,13.84,97,93,3.49,overcast clouds
657,Jucurutu,BR,-6.0339,-37.0203,77.72,84,66,2.37,broken clouds
658,Olden,NO,61.8364,6.8064,35.69,91,99,10.45,overcast clouds
659,Bilozerka,UA,46.6248,32.4425,43.83,84,82,9.93,broken clouds
660,Los Llanos De Aridane,ES,28.6585,-17.9182,64.4,77,40,3.44,scattered clouds
661,Quatre Cocos,MU,-20.2078,57.7625,77.0,88,20,6.91,few clouds
662,Axim,GH,4.8699,-2.2405,79.07,87,10,7.38,clear sky
663,Akyab,MM,20.15,92.9,77.16,72,87,6.44,overcast clouds
664,Simbahan,PH,6.3032,120.5836,81.86,80,78,13.27,broken clouds
665,Taicheng,CN,38.731,113.228,42.17,30,100,2.48,overcast clouds
666,Lazaro Cardenas,MX,17.9583,-102.2,81.36,55,2,9.51,clear sky
667,Diamantino,BR,-14.4086,-56.4461,77.02,75,46,1.59,scattered clouds
668,Kaiyuan,CN,23.6977,103.3037,61.72,45,11,5.06,few clouds
669,Canandaigua,US,42.8742,-77.288,48.99,67,82,11.99,broken clouds
670,Flinders,AU,-34.5833,150.8552,64.99,83,3,1.01,clear sky
671,Bogande,BF,12.9714,-0.1436,78.75,10,0,10.13,clear sky
672,Coquimbo,CL,-29.9533,-71.3436,60.8,72,0,9.22,clear sky
673,Akdepe,TM,42.0551,59.3788,42.8,65,0,6.91,clear sky
674,Kardamaina,GR,36.7814,27.1425,50.0,66,0,3.44,clear sky
675,Revelstoke,CA,50.9832,-118.2023,42.8,93,90,6.91,moderate rain
676,Matamoros,MX,25.5333,-103.25,78.8,21,75,9.22,broken clouds
677,Hammerfest,NO,70.6634,23.6821,28.4,69,0,4.61,clear sky
678,Jalu,LY,29.0331,21.5482,58.71,35,29,7.87,scattered clouds
679,Solwezi,ZM,-12.1688,26.3894,60.04,97,99,3.0,overcast clouds
680,Asilah,MA,35.465,-6.0348,62.6,77,0,20.71,clear sky
681,Inuvik,CA,68.3499,-133.7218,-5.8,59,89,6.91,overcast clouds
682,Sabzevar,IR,36.2126,57.6819,39.97,50,0,7.67,clear sky
683,Jiaohe,CN,43.7286,127.3447,38.05,64,21,10.04,light rain
684,Clonakilty,IE,51.6231,-8.8706,52.0,100,90,28.77,overcast clouds
685,San Carlos De Bariloche,AR,-41.1456,-71.3082,77.0,13,0,4.61,clear sky
686,San Luis,AR,-33.295,-66.3356,61.16,41,0,10.31,clear sky
687,Assiniboia,CA,49.6334,-105.9845,60.8,25,89,17.27,overcast clouds
688,Eruwa,NG,7.5333,3.4167,80.22,71,5,4.47,clear sky
689,Oranjestad,AW,12.524,-70.027,82.4,69,20,25.32,few clouds
690,Ola,RU,59.5833,151.2833,7.74,87,72,2.64,broken clouds
691,Lakatoro,VU,-16.0999,167.4164,84.25,71,9,8.59,clear sky
692,Adigeni,GE,41.6819,42.6987,33.8,86,0,3.44,clear sky
693,Koygorodok,RU,60.445,50.9968,26.62,95,88,6.55,overcast clouds
694,Garowe,SO,8.4054,48.4845,72.5,56,59,7.29,broken clouds
695,Jining,CN,35.405,116.5814,52.9,36,99,7.25,overcast clouds
696,Wuda,CN,39.4994,106.7117,42.3,29,70,6.17,broken clouds
697,Morehead,US,37.2711,-87.1764,54.0,30,75,13.8,broken clouds
698,Decatur,US,39.8403,-88.9548,48.99,46,75,17.27,broken clouds
699,Ambon,ID,-3.6954,128.1814,77.0,88,40,5.75,scattered clouds
700,Nelson Bay,AU,-32.7167,152.15,69.8,83,40,5.75,scattered clouds
701,Nenjiang,CN,49.1833,125.2167,36.28,98,100,7.09,light rain
702,Tual,ID,-5.6667,132.75,82.29,78,100,12.06,overcast clouds
703,Portland,US,45.5234,-122.6762,48.0,86,95,5.01,light rain
704,Windhoek,NA,-22.5594,17.0832,66.0,63,55,8.05,broken clouds
705,Buzuluk,RU,52.7807,52.2635,27.46,92,100,7.38,overcast clouds
706,Albion,US,42.2431,-84.753,36.0,80,90,13.8,overcast clouds
707,Baoning,CN,25.3378,110.026,66.2,100,75,2.24,mist
708,Roald,NO,62.5833,6.1333,43.0,65,40,9.22,scattered clouds
709,Tamandare,BR,-8.7597,-35.1047,78.67,80,97,5.68,overcast clouds
710,Kolondieba,ML,11.0882,-6.8926,84.72,44,10,2.57,clear sky
711,Bac Lieu,VN,9.285,105.7244,78.76,84,74,7.07,broken clouds
712,Novochernorechenskiy,RU,56.2669,91.0828,28.51,94,100,4.83,overcast clouds
